,name,total_time,ingredients,instructions,servings,category,prep_time,cook_time
0,Chicken Pakora,2 hr 15 minutes,"['2 regular size boneless chicken breasts, washed and finely chopped', '\xa0tbsp ginger paste', '1 tsp garlic paste', '1/2 tsp garam masala powder', '1/2 tsp salt', '5 green chilli, finely chopped', '1 tbsp lime juice', '1 medium onion, finely chopped (optional)', '1 \xa0tbsp finely chopped cilantro', '2 tbsp gram flour', 'Oil to fry']","['Directions', '1. Marinate the chicken with ginger, garlic, garam masala and lime juice. Keep aside for 2 hours (can also be marinated overnight, or in the morning to fry in the afternoon/evening, in that case, add lime juice a few hours before frying).', '2. Add the salt, green chilli, cilantro and onions (if desired) and mix.', '3. Add gram flour and mix well. Divide into balls.', '4. Heat oil and deep fry on medium heat. (I usually prick the balls with a fork during frying to ensure that the pakora is evenly cooked on the inside as well.) The color should be a light golden brown.', '5. Serve hot.', '\xa0']",12 pc,Side dishes,2 hours,15 minutes
1,Stirfried Cabbage with Garlic and Bengali Spices,40 minutes,"['1/2 head of cabbage shredded thinly', '2 tbsp ghee', '1-2 dried red chili', '4-6 cloves garlic, chopped', '1/2 tsp black mustard seeds', '1/2 tsp nigella (black cumin seeds)', '1/2 tsp cumin seeds', '1 tsp of salt', 'Fresh back pepper to taste']","['Heat\xa0the ghee \xa0in a wok or large skillet over medium-high heat', 'Add in the dried chili and the three spices ans stir until the spices\xa0start\xa0crackling', 'After they begin to crackle, add the\xa0fresh garlic and saute until the garlic turns a rich golden color and looks almost caramelized', 'Add in the cabbage and stir until all the cabbage is coated evenly with the ghee and spices', 'Add in the salt and stir until the cabbage is again evenly coated', 'Keep stirring for 5\xa0minutes until the cabbage is wilted', 'Turn\xa0down the heat to low and cook covered another 10-15 minutes, stirring occasionally', 'Add crushed pepper just before serving']",4-6,Side dishes,10 minutes,30 minutes
2,Basmati Rice,,"['1 cup Basmati rice', '1 small onion', '3 medium carrots', '1 bay leaf', '1 cinnamon stick, crumbled', '2 cloves', '4 black peppercorns', '1/4 tsp cumin seeds', '1 Tbsp light vegetable oil', '2 Tbsp butter', '1 Tbsp kosher salt (or to taste)']","['Wash the rice in cool water, squeezing gently with your fingers, until the water runs clear. Put the rice in 2 cups of cool water to soak for 20 minutes.', 'Strain soak water into saucepan and heat. Leave rice to dry in strainer. Preheat oven to 350 deg. F.', 'While rice is drying, chop onion finely and set aside. Dice carrots and set aside. Measure spices.', 'When rice is dry, heat oil over medium high flame in heavy, oven-proof skillet or casserole dish. Add spices.', 'When spices become fragrant, add butter and onions. Cook until onions are tender and light golden brown. Add carrots and cook for 3-5 minutes.', 'Add rice and cook, stirring very gently for 5 minutes.', 'Add salt and heated soak water, bring to boil. Reduce heat and simmer until water on top of rice has boiled off.', 'Cover tightly and cook for 20 minutes at 350 deg. F.', 'Remove from oven, let rest for 10 minutes, then serve.']",,Rice,,
3,Spicy Dry Chicken â€“ Kosha Murgir Mangsho,1 hour,"['Chicken 100 grams. A whole chicken cut up into 8-10 pieces will work gret', '1/2 cup mustard oil', '4\xa0bay leaves', '4-6 dried red chilies', '4 whole\xa0green cardamom', '2 tbsp sugar', '2 cups chopped/sliced onions', '2 medium\xa0onions for paste', '4 cloves of garlic for paste', '1\xa0one inch stick of ginger for paste', '4 tomatoes, chopped (or an 16 ounce can of chopped tomatoes will do)', '2 tsp of salt', '2 tbsp coriander powder', '1 tsp turmeric powder', '1 tsp roasted cumin powder', '1 tsp cayenne pepper\xa0powder', '1 tsp garam masalla', '1-2 tbsp cilantro, finely chopped']","['Heat the mustard oil in a deep wok or saucepan over medium/medium-high heat', 'When hot,\xa0\xa0add the cardamom pods, bay leaves, dried red chili, and then sugar and stir for a minute', 'Add the sliced/chopped onions and saute until\xa0they are golden and caramelized', 'Meanwhile blend garlic, ginger, and onion to make a paste and add it to the caramelized onions', 'Saute\xa03-4 minutes and then add in the chicken', 'Stir the chicken in the oil for 2 minutes until the chicken is uniformly coated with the spices', 'Add the turmeric powder and saute an additional\xa05-6 minutes', 'Add salt and stir', 'Keep sauteing until the chicken surface or the skin starts turning a bit brown', 'Now\xa0add the coriander powder, red chili powder, and cumin powder. Stir in the spices well and saute for 2-3 minutes', 'Add the chopped tomatoes and further saute for 5-8 minutes', 'Keep frying until the tomatoes are completely incorporated. If the spices start sticking to the pot, add a tablespoon of water or more to deglaze but keep in mind as to keep the dish just moist and not waterlogged.', 'Add the garam masala powder and saute for further 2 minutes', 'Remove from flame, garnish with\xa0cilantro\xa0and cover the chicken.', 'Serve warm with paratha, ruti, or plain white rice.']",4-6,Main Dishes,15 minutes,45 minutes
4,Bhuna Khichuri,,"['MoogdAl 1 cup', 'PolAu Rice\xa0 2 cups', 'Finely diced ginger 2 tsp', 'Salt 1 tbsp', 'Cinnamon Sticks 2/3', 'Bayleaf 2 [small ones]', 'Ghee 1/2 cup', 'Cloves 4/5']","['Wash the rice', 'Fry the dAl separtely for a while.', 'Lightly fry in ghee the ginger and bay leaves', 'Then add the rice, dAl, and salt, fry for about 10 minutes. Medium to medium high heat', 'Add five cups of boiling water and the salt', 'As soon as the water comes up to boil, put a lid on it. ðŸ™‚', 'Simmer in low heat for 20/25 minutes', 'You could add beresta to it or you could make it spicier by adding turmeric and chilli powder. I use 1/2 tsp of the former and 1 tsp of the latter. [I like it hot]']",,Lentils and daal,,
5,Mutton Curry with Potatoes,60 minutes,"['1 kg', '\xa0\u200fMutton', '4 pcs', '\xa0\u200fPotato', '1/2 cup', '\xa0\u200fChopped onion', '1 tsp each', '\xa0\u200fGinger-garlic paste', '1 tsp', '\xa0\u200fCumin powder', '1 tbsp', '\xa0\u200fRed chili powder', '1/2 tsp', '\xa0\u200fMace-nutmeg paate', '1 tsp', '\xa0\u200fPapaya paste', '1 tsp', '\xa0\u200fTurmeric powder', 'As required', '\xa0\u200fRoasted spices powder (Cinnamon, cardamom & cumin)', '1/2 cup', '\xa0\u200fVegetable/soybean oil', 'To taste', '\xa0\u200fSalt', '2 pcs', '\xa0\u200fBay leaves', '4 pcs', '\xa0\u200fCloves', '1/2 tsp each', '\xa0\u200fCinnamon-cardamom powders']","['1. Cut the meat into small pieces, wash and drain properly.', '2. Wash and drain potatoes. Mix with some salt and a pinch of turmeric powder or alternatively saffron powder for color.', '3. Now heat oil in a pan. Deep fry the potatoes till brown. Strain the potatoes to remove extra oil and set aside.', '4. Now in the same oil add chopped onions, bay leaves, cloves and cook for a minute to make onions tender. No need to fry onions to brown. Add garlic and ginger pastes and stir for a while. Now add cumin powder, red chili powder, cinnamon powder, cardamom powder and some water. Mix and cook well till the spices release oil. Now add meat pieces and mix them properly. No need to add water in this stage since meat releases water. Cook for 5 minutes.', '5. When the spices mix gets thick and oil separates, add mace-nutmeg pastes, papaya paste and give a nice mix. Add water and cover with the lid. Cook for 20 minutes. You can add extra water in this stage and cook for extra 5 minutes if the meat is still hard. When water is reduced to half, add turmeric powder and cook for 2 to 3 minutes.', '6. Then add water as per your gravy requirement and cook with the lid. While boiling add the potatoes, again close the lid and cook for 15 to 20 minutes. When the gravy is dried to your requirement, turn the heat off and sprinkle some roasted cardamom, cumin and cinnamon powder mix. Serve warm with plain or pulao/pilaf rice, roti, paratha or naan bread.']",6,,15 minutes,45 minutes
6,Panch Foron,1 min,"['cumin seeds', 'fennel seeds', 'fenugreek seeds', 'black mustard seeds', 'nigella']",['Mix them together. ðŸ™‚'],,Spice Mixes,1 min,0 min
7,Shahi Rezala,,[],[],,Main Dishes,,
8,Homestyle Chicken Korma,1 hour 15 minutes,"['2', ' ', 'pounds\xa0bone-in chicken (dark meat best)', '2\xa0', 'medium onions, \xa0peeled', '1.5\xa0', '\xa0inch of ginger, chopped', '4\xa0', 'cloves garlic, chopped', 'Â½', ' ', 'cup whole-milk yogurt', '4 to 6', ' ', 'green cardamom pods', '3 to 5', ' ', 'cloves', '2', '\xa0whole\xa0', 'bay leaves', '1', ' ', '3-in stick cinnamon', '2 tsp salt', 'Â½', ' tsp\xa0', 'sugar', '1', '\xa0', 'teaspoon black peppercorns', '2 to 3', ' ', 'small hot green peppers', '4 tbsp of ghee']","['Thinly slice one onion and set aside', 'Roughly chop the other onion, and then puree it in a blender with the garlic and ginger until smooth. Add water if necessary.', 'Combine the puree, chicken, yogurt, cardamom, cinnamon, peppercorns, and bay leaves in a covered Dutch oven and simmer over medium-high heat, stirring occasionally for 10-15 minutes.', 'Uncover and bring the pot to a low simmer', 'Cook until chicken is tender. Flip occasionally. 20-35 minutes.', 'Add in the sliced chilis and sugar and stir.', 'Adjust the thickness of the gravy by adding water or cooking it down.', 'Heat the ghee and the thinly sliced onions in a pan over medium heat until they are a\xa0rich brown. 5-7 minutes.', 'Season the onions with a pinch of salt and stir it into the korma.']",4,Main Dishes,30 minutes,45 minutes
9,Kata Moshlar Mangsho â€“ Meat with whole spices,,"['1 kg beef, cubed', '1 large onion thinky sliced', '1 tbsp ginger, julienned', '1 tbsp garlic, chopped', '6-8 dry red chilies', '3 cardamom', '1â€³ cinnamon stick', '1 bay leaf', '6-7 black pepper', '4-5 clove', '2 tablespoon vinegar', 'Â½ cup yogurt', 'Â½ cup oil or ghee', 'Salt to taste (1 to 1\xa0Â½ tsp)']","['Marinate the meat with vinegar for at least 30 minutes', 'Heat up the oil in a dutch oven over medium heat', 'Add the beef and all the other ingredients except for the yogurt', 'Saute for 10-15 minutes until the onions are translucent', 'Add the yogurt and 1-2 cups of water', 'Cook over medium heat until done (45 minutes to 1 hour)', 'Or preheat an oven to 175 degrees Celsius and bake covered for about 1 hour']",,Main Dishes,,
10,Baked fish in a light yogurt sauce,1.5 hours,"['3 tbsp\xa0oil', '2\xa0tbsp\xa0unsalted cold butter or ghee', '1\xa0large\xa0onion, sliced thinly', '2 pounds\xa0fish, large pieces, preferably a white fish', '2 cups yogurt, Greek or Bangladeshi preferred.', '2 tbsp\xa0lemon juice', '1 tsp\xa0sugar', '2 tsp of salt', 'Coarsely ground black pepper for taste', '2 tsp\xa0ground cumin', '2 tbsp\xa0ground coriander', 'Â¼ teaspoon garam masala', '1/2 to 1 tsp of red chili powder (as you wish)', '1 tsp\xa0of crushed fresh\xa0ginger', '1 tsp of crushed fresh garlic', '1 to 2 green chilies sliced or whole as you wish']","['Preheat the oven to 325 degrees', 'Heat the oil in a large skillet over medium to high heat.', 'When hot, add in the onions until translucent', 'Add the salt and pepper and transfer to a baking dish so that they cover the entire bottom of the dish', 'Layer the fish over the onions', 'In a bowl,\xa0whisk together the yogurt, lemon juice, sugar, 1 Â½ teaspoons salt, Â¼ teaspoon pepper, cumin, coriander, garam masala, red chili powder, ginger, and garlic along with the remaining 1 tbsp of oil.', 'Pour the sauce over the fish, making sure some also goes underneath.', 'Place your optional green chilies around the baking dish for fragrance.', 'Cover in foil and bake for about 30-40 minutes until the fish is cooked.', 'Pour out the liquid from the from the baking dish and thicken into a sauce by heating over a saucepan and adding the optional butter or ghee. Season with salt and paper and pour it back over the fish to server.']",4,Main Dishes,30-45 minutes,30-45 miutes
11,Yogurt and Cilantro marinated grilled chicken,1 hr,"['One chicken, cut into 6-8 pieces', '2 cups of yogurt', 'One large bunch of cilantro (coriander leaves) stems included', '3 tsps\xa0of salt', '1 1/2 tsps\xa0black pepper', '2 tsps\xa0ground coriander', '4-6 cloves of garlic', '2-3 green chilies']","['Put all the ingredients into a blender and blend into a paste', 'Marinate the chicken with the paste for at least 1-2 hours (you may scour the chicken to allow the flavors to go deep). You can also use thighs and bone in drumsticks.', 'Fire up the grill to high', 'Lay the chicken pieces skin side down on the hottest side of the grill in order to sear the skin side well.', 'Grill for 5-10 minutes, depending on how hot the grill is (you do not want the chicken to burn).', 'Once you have a good sear on one side, move the chicken pieces to the cooler side of the grill, or, if you are using a gas grill, lower the heat to medium low.', 'Cover the grill and cook undisturbed for 20-30 minutes.']",2-4,Kababs and Grills,20 minutes,40 minutes
12,Fish Korma,1 hour,"['Fish 1 kg', 'Yogurt 1/2 cup', 'Onion paste 1/2 cup', 'Ginger paste 2 tsp', 'Garlic paste 1 tsp', 'Coriander paste 1 tbsp', 'Cardamom 6', 'Cinnamon, 1â€³\xa0\xa0\xa0 2 pieces', 'Salt 2 tsp', 'Ghee (oil) 3/4 cup', 'Green chill 6', 'Kewra\xa0 2 tbsp', 'Sugar 1 tbsp', 'Lemon juice 1 tbsp']","['Use large fish for korma. Do not cut the fish into too small pieces.', 'Except for the green chilies and kewra, add all the rest of ingredients\xa0into the cooking dish. Mix well.', 'Cook\xa0covered in low heat. Turn over the fish once (be careful).', 'When the water has almost evaporated, add the green chili and the kewra', 'Cook\xa0for another half hour in very low heat.', 'When the oil begins to float on top, you are done.']",4,Main Dishes,20 minutes,40 minutes
13,Fish Dopeaja * Fish with Onions,,"['Fish (preferably small, cut into small pieces)\xa01 cup', 'Sliced onions: 1/2 cups', 'Red chili powder/paste (red) 1 tsp', 'Turmeric powder/paste 1 tsp', 'Onion paste 2 tbsp', 'Ginger paste 1/8 tsp', 'Black Pepper paste 1/4 tsp', 'Shredded dhania leaves (cilantro) personal taste', 'Scallions/Onion leaves 2 tbsp', 'Oil 1/3 cup', 'Salt 1 tsp', 'Tomato 2 medium']","['Works best with small fish. Out here in the land of non- Bangladeshi fish, try shrimp or any fresh-water fish cut into very small pieces.', 'After heating the oil add all the powder/paste spices and fry for a couple of minutes. You might add a little bit of water if you are using powders only. Make sure you donâ€™t burn the spices. (Include the onion pastes)', 'Add the shredded onions and the fish. Add 1/2 cup of water and the salt. Cover the dish and medium-hi heat.', 'When the water has almost evaporated, add tomatoes, cilantero, and the onion leaves. Heat under low-medium heat till the oil starts to float.', 'You are done, now eat. ðŸ™‚']",,Main Dishes,,
14,Beef Vindaloo,1.5 hours,"['Beef, cut into approximately 1â€³ cubes, 1 pound', 'Vegetable oil, 1 Tablespoon', 'Onion, finely chopped, 1 Tablespoon', 'Garlic, finely chopped, 1 teaspoon', 'Ginger powder, 1/2 teaspoon', 'Cumin powder, 1 teaspoon', 'Coriander powder, 1 1/2 teaspoon', 'Turmeric powder, 1 teaspoon', 'Mustard seeds, ground into a paste with a bit of water, 1/2 teaspoon', '\n* ', 'Substitute stone ground mustard if you donâ€™t have mustard seeds', 'Cayenne chili powder, 2 teaspoons', '\n* ', 'Use less cayenne for less spiciness', 'Black pepper, 1/4 teaspoon', 'White vinegar, 2 Tablespoons', 'Green chili peppers (Thai chilis), 2 cut in half lengthwise, leave seeds in', 'Salt, 1 teaspoon', 'Water, 1/2 cup']","['Heat the oil in a saute pan and fry onions until tender and then add garlic, stirring and cooking for 1-2 additional minutes.', 'Add remaining ingredients except for beef and stir fry an additional 3-4 minutes.', 'Add beef and water, stirring to combine. Cover pan and cook over medium heat, stirring occasionally, for 45 minutes â€“ 1 hour or until beef is tender.']",4-6,Main Dishes,30 minutes,1 hour
15,Mashur Daal â€“ Red Lentils,1.5 hours,"['1 cup red lentils (moshur/masur daal)', '1/2 cup finely chopped onions', '1/2 cup thinly sliced onions', '2 cloves of garlic, finely chooped', '3 green chilis, one finle chopped, the other two slice into long slices', '1 tsp salt or equivalent amount of chicken based', '3 cups of water', '2 tablespoons of ghee', '1/4 cup chopped cilantro', '1-2 tomatoes (optional)', '1/2 tsp red chili powder', '1 tsp cumin', '1/2 tsp coriander', '1/2 tsp turmeric', '1/4 tsp black pepper', '1 tsp paanch phoron (Bengali five spice mix)', 'Wash the lentils thoroughly and then add the lentils, water, finely chopped onions, 1/2 of the garlic, the two green chilis sliced longitudinally, 1 tablespoon ghee, the optional tomatoes and all the dry spice powders (not the panch phoron) into a large pot. Make sure the pot is large enough as daal has the tendency to boil over.', 'Simmer over medium heat until the lentils are tender (but still firm) ; about 1/2 hour.', 'Take a whisk and break vigorously whisk the daal for 1-2 minutes so that it begins to look like a homogeneous mix.', 'Drop in the cilantro and turn the heat to medium low.', 'In a separate pan, heat the remaining ghee.', 'Add in the thinly sliced onions and green chili and fry until the onion starts to caramelize', 'Then add in the garlic and panch phoron and stir until the panch phoron starts to sputter.', 'Turn the heat to low and ladle in some of the daal into the frying pan â€“ be careful, this will sizzle.', 'Then pour in everything back into the daal making sure all the tasty bits from the frying pan makes it to the pot.', 'Cover and simmer on low for a few minutes.', 'Enjoy']","['Daal preparations, where pulses (dried beans, lentils etc.) are cooked into a thick spicy stew, are a mainstay of Bangladeshi cuisine. Daal will eaten with rice and vegetables in Bangladesh and less rarely with ruti (wheat-based flat bread).', 'This particular recipe is a family tradition handed down from my grand-mother to my mother to me. Over the years, each of us has put our own personality into this recipe and what you will see if my particular twist.', 'This does not take long to prepare and I will often make this up in a jiffy and have this is just a soup.', 'Ingredients', 'Steps']",4,Lentils and daal,30 minutes,1 hour
16,Shrimp with cilantro and tomato,,"['1 lb shrimp, deveined', '1 medium onion, thinly sliced', '2 cloves of garlic, finely chopped', '2 medium tomatoes, finely chopped', '2 green chilis, finely chopped', '1/4 cup chopped cilantro', '1 tsp turmeric powder', '1/2 tsp red chili powder', '1/4 tsp pepper', '1 tsp cumin', '1 tsp salt', '1 tablespoon cooking oil', '1/2 cup water', 'In a sautee pan, heat oil over medium-high heat', 'Once hot, add the onions and fry until they turn light golden brown', 'Add the garlic and fry an additional 2-3 minutes', 'Add the tomato, cilantro and green chilis and fry for 4-5 minutes until soft', 'Add the turmeric and red chili powder and fry for 2-3 minutes, stirring continuously', 'Add the pepper, cumin and salt and fry an additional 2 minutes', 'Add in the water and stir until it starts to boil', 'Turn the heat down to medium and stir in the shrimp', 'Cook an additional 3 minutes until done']","['This is one of my comfort foods. The taste belies how easy it is to make this dish.', 'Ingredients', 'Steps']",,Main Dishes,,
17,Bhuna Khichuri â€“ basic,45 minutes,"['1 cup Moong daal', '1 cup Basmati or other long grain rice', '2 tsp finely diced ginger', '2\xa0tsp salt', '1/3 cup ghee', '2 small bay leaves', '1\xa0\xa0inch cinnamon stick, broken into 2-3 pieces', '4-5 cloves', '1 cup Moong daal', '1 cup Basmati or other long grain rice', '2\xa0tsp salt', '2 tsp finely diced ginger', '4 cups water']","['Bring the ghee to\xa0heat on a saucepan over medium high heat', 'Add in the bay leaves, cinnamon sticks, and cloves and lightly saute for a minute', 'Then add the rice, lentils, ginger, and salt, fry for about 5-10 minutes making sure the ghee coats all the rice and lentil', 'Add the water and bring to boil', 'Cover, turn down the heat to simmer, and cook for 23 minutes']",4-6,Lentils and daal,15 minutes,30 minutes
18,Palong Shaak Bhaji â€“ Spinach Bhaji,,"['1 pound chopped spinach', '1 tsp salt', '1 tsp paanch phoron', '1/4 tsp black pepper', '1-2 dried red chilis', '1/4 cup, very thinly sliced onions', '1-2 cloves garlic, finely chopped', '1 tablespoon cooking oil', 'Heat the oil in a pan over medium-high heat', 'Drop in the dried red chilis and fry for a minute', 'Add the onions and fry until translucent', 'Add in the garlic and paanh phoron, stir frying until the spices start to splutter', 'Add in the spinach, salt, pepper and stir thoroughly so that the spices coat all the leaves', 'As soon as all the spinach has wilted, cover and simmer over medium heat for 15-20 minutes or until done']","['If there is rice to be had, there will have to be an accompaniment of vegetables in Bangladeshi meals â€“ often leafy greens that grow so plentifully in the verdant country side. Spinach is fairly common and this recipe I present is a simple yet delicious way to prepare spinach.', 'You can use the same recipe with chard, Indian spinach (pui shaak) and other leafy vegetables that cook and soften quickly.', 'Ingredients', 'Steps']",,Side dishes,,
19,Rui fish in a spicy tomato and onion sauce,,"['2 lbs of rui steaks', '2 1/4 tsp salt', '1 1/2 tsp red chili powder', '1 1/2 tsp turmeric', '1 1/2 tsp cumin', '1 tsp paanch phoron', 'One large onion, finely chopped', '3 cloves of garlic, finely chopped', '2-3 green chilis, slit lengthwise', '3 tablespoons of cooking oil', 'One 8 oz can of chopped tomatoes', '1/2 cup water']","['Pat the steaks dry and rub them down with the 1/2 tsp of turmeric, red chilli powder and salt.', 'In a cooking pot, heat the oil over medium high heat', 'When hot, fry the fish steaks until lightly brown', 'Remove the fish from the pot and set aside', 'Add the paanch phoron to the oil and stir', 'As soonn as the paanch phoron starts to splutter, add in the onions, garlic and green chilis', 'Stir and fry until the onions turn slightly brown', 'Add in the remaining turmeric and red chili powder and fry for an additional 3-4 minutes', 'Add the tomatoes and fry for 5-7 minutes until soft', 'Add the cumin powder and fry for another 2-3 minutes', 'Turn heat down to medium', 'Using a spoon make room in the middle of the dish for the fish steaks by moving the tomato and onion mixture to the edge of the pot', 'Gently put the fried fish steaks back into the pot', 'Spoon over the fish some of the tomato and onion mixture from the side', 'Add in the water and cook covered for an additional 20 minutes', 'Serve over white rice']",,Main Dishes,,
20,Tikiya Kabab,,"['1 oz (25 g) channa dhal, split', '8 oz (225 g) fatless stewing meat', '1 brown cardamom, ground', '1/2 large onion, chopped', '1 bay leaf', '1 inch (2.5 cm) fresh ginger, chopped', '1/4 teaspoon black pepper,', '1 large clove garlic, chopped', 'salt to taste', '1/2 teaspoon paprika', 'ghee or oil', '1/2 teaspoon garam masala', '1 egg yolk', '1/4 cup chopped fresh cilantro', 'fine breadcrumbs']","['Soak the daal overnight, then boil in twice its volume of water. Strain off any excess water.', 'Put the meat, onion, ginger, garlic and spices through a mincer. Mix well and add salt to taste.', 'Add the dhal to the mixture, and fry in a little ghee for 20 minutes. Add a *little* water if it dries up too much. Leave aside for about 3 hours or overnight to thicken and dry.', 'The next day, or when ready, add the egg yolk, and, if it doesnâ€™t hold together, add gram flour to thicken or water to thin. Add fresh coriander or parsley.', 'For Seekh Kebabs roll mixture in breadcrumbs to sausage shapes. Skewer them and cook over charcoal (best), under the grill, or fry in a frying pan.', 'For Shami Kebabs, roll into balls, coat in breadcrumbs and deep-fry.']",,Kababs and Grills,,
21,Dharosh Bhaji * Okra,30 minutes,"['2 pounds of fresh okra cut into quarter inch slices', '1/2 a medium onion very thinly sliced', '2 cloves of garlic â€“ finely chopped or sliced', '1 tbsp of cooking oil', '1 tsp of salt', '1/4 tsp of pepper', '1/2 tsp cumin (optional)', '1/2 tsp red turmeric (optional)', '1/2 tsp coriander (optional)', '1/2 tsp red chili powder (optional)']","['In a preferably non-stick frying pan, heat oil over medium-high heat.', 'When hot drop in the onion and garlic. Stir fry until garlic starts getting caramelized', 'Drop in all the spices and stir fry for a minute', 'Drop in the okra and stir until properly coated by the spices', 'Reduce heat to medium and cook uncovered, stirring occasionally.\xa0 Your doneness will depend on your taste. My preference is to cook until the okra too gets caramelized.']",4,Side dishes,20 minutes,20 minutes
22,Cauliflower with Bengali five spice,,"['1-2 tbsp oil', '1 small onion, finely chopped', '2 cloves garlic, finely chopped', '1 tsp panch phoron', '1 small cauliflower, cut into small pieces', '1 tsp salt', '1 tsp sugar', '1/4 teaspoon turmeric', '1/4 cup yogurt', 'In a large pan, heat the oil until nearly smoking.', 'Add the panch phoron and stir while it splutters', 'Add in the chopped onion and garlic and stir fry until golden', 'Add cauliflower. Stir for a few minutes.', 'Add in the salt, sugar, turmeric, and yogurt and stir until the spices coat the\xa0cauliflower', 'Cover and cook over medium heat until tender (7-8 minutes)']","['I have been particularly fond of cauliflower â€“ it does help that is good for me. It is a great low-carb cruciferous vegetable that can hold itâ€™s own in many dishes but can also play subservient role in others.', 'As usual for a Bengali dish, paanch phoron plays a major role in this very simple recipe.', 'Ingredients', 'Steps']",,Side dishes,,
23,Beef Shingaras,1.5 hours,"['1 pound ground beef', '1 onion, chopped', '1 teaspoon cumin seeds', '1 bay leaf', '3 cloves garlic, minced', '2 green chili peppers, chopped', '1 Tablespoon ground fresh ginger', '1/2 teaspoon ground black pepper', '1 1/2 teaspoons salt', '1 teaspoon ground cumin', '1 teaspoon ground coriander', '1/2 teaspoon chili powder', '1 teaspoon garam masala', '2 Tablespoons fresh cilantro, chopped', '2 cups frozen cubed potatoes (hash brown style works well)', '1 cup frozen green peas', '1/3 cup water']","['Spray large non-stick skillet with cooking spray and brown ground beef with onions over medium heat approximately 5 minutes, until beef begins to brown.', 'Add in chopped garlic and chili peppers and continue cooking for another 5 minutes or until beef is completely browned and onions are translucent and tender.', 'Add in remaining spices and stir to combine.', 'Stir in potatoes and green peas, carefully stirring to combine.', 'Add in water, cover, and simmer over low heat for 5 minutes.', 'Remove pan from heat and chill in the refrigerator for one hour until cool.', 'Bring the prepared pie crust to room temperature according to package directions.', 'Cut each circle into eighths pieces, just as you would slice a pie or cake.', 'Place 1 Tablespoon of beef filling in the middle of each pastry slice, and then gather the corners at the top to make somewhat of a pyramid shape, sealing the sides with moistened fingers. (You can freeze the pastries for future use)', 'Heat oil in a large, heavy saucepan over high heat. Fry samosas in small batches until golden brown, approximately 3 minutes.', 'Drain and keep warm.']",4-6,Snacks,45 minutes,45 minutes
24,Bengali Egg Halua (Halva),,"['3large eggs', '1 quart of full cream milk', '8 tbsp full of sugar', '2 ozs \xa0butter', '1 medium\xa0bay leaf', 'Dash of powdered cinnamon', '1/4 cup of blanched, finely chopped almond (optional)']","['Pour the milk in a saucepan and add half of the sugar and the bay leaf', 'Boil to nearly half its volume with occasional stirring to prevent a skin being formed', 'Allow to cool', 'Beat the eggs in a large bowl, adding the remaining sugar in three steps.', 'Add this and the dash of cinnamon to the milk and mix thoroughly.', 'Cook, uncovered in a thick bottomed pan over medium heat until the halua \xa0turns golden yellow', 'Keep stirring regularly to prevent sticking and forming large chunks. This is very important to prevent clumping. The more you stir the less clumpier is the resultant halua.', 'Add the butter and\xa0continue\xa0stirring until almost dry, but be carefull not to overdry.', 'Serve when cool with a sprinkling of the almonds (if desired)']",,Dessert,,
25,Lau Bhaji â€“ Bottlegourd Bhaji,30 minutes,"['1 medium ', 'lau', ' or\xa0bottle gourd', '2 tsp whole cumin seeds', '2 green\xa0chillies, slit into halves lengthwise', '1 inch finely chopped \xa0fresh ginger', '1 clove of finely chopped garlic', '1/2 tspoon turmeric powder', '1/2 tspoon coriander powder', '1 tbsp oil', '1/4 cilantro finely choppes', 'salt to taste']","['Peel and then slice the gourd into very thin slices', 'Heat the oil in a frying pan', 'When hot, add the cumin seeds and the green chillies, until the seeds start to splutter', 'Add the \xa0in the ginger and stir fry for a minute or two', 'Add the gourd, give it \xa0a stir and then cook covered over medium head for about 5 minutes', 'Add\xa0turmeric \xa0powder, coriander\xa0\xa0powder, salt and 1/4 cup of water and mix everything up', 'Cook another 5 minutes or until the gourd is tender', 'Add he chopped cilantro and serve']",2-4,Side dishes,15 minutes,15 minutes
26,Chichinga Bhaji â€“ Fried Zuchhini,45 minutes,"['1 tablespoon oil', '1/2 tsp kalojira (nigella)', '1 tsp cumin seeds', '1 or 2 dried red chili', '1 large onion, chopped', '1 or 2 cloves of garlic, chopped', '3 medium Zucchini, peeled and cubed', '1 tsp coriander powder', '1 tsp cumin powder', '1/4 tsp red chili powder', '1 medium bay leaf', '1/4 cup yogurt']","['Heat the oil ina\xa0 pan over medium high heat', 'Add the nigella and cumin seeds and fry for 1 minute', 'Add the onion and garlic and fry until translucent.', 'Increase heat to high and add in the Zucchini and the remaining ingredients except for the yogurt', 'Stir fry for 5 minutes and then reduce heat to medium', 'Cover and cook, stirring occasionally until Zucchini is cooked (15-20 minutes)', 'Add in the yogurt and stir fry for 5 minutes']",4,Side dishes,15 minutes,30 minutes
27,Beef Tehari,,"['Beef 1 kg (2 lbs)', 'Onion paste\xa0 â€“ 1/2 cup', 'Garlic paste â€“ 2 tsp', 'Red chili powder â€“ 1 tbsp', 'Turmeric paste â€“ 1 tbsp', 'Ginger paste â€“ 2 tsp', 'Cumin powder â€“ 1 tbsp', 'Coriander powder â€“ 1 tbsp', 'Salt â€“ 3 tsp', 'Onions â€“ 2 medium, thinly sliced', 'Cinnamon â€“ 2 1/2 inch sticks', 'Cloves â€“ 8', 'Cardamom â€“ 4 pods', 'Bay leaf â€“ 1 medium', 'Green chili â€“ 6-8', 'Oil â€“ 1/2 cup (or less)', 'Rice â€“ 2 1/2 cup (preferably aromatics like Basmati or Kalojira)', 'Cut beef into small pieces', 'Simmer beef with the next 7 ingredients (pastes and powders) and 2 tsp of salt along with a cup of water until tender. This will be about 45 minutes to an hour. Stir occasionally to ensure that the spices do not stick to the bottom. You may add additional water if needed.', 'In a large pan (large enough for all the rice and meet), fry the thinly sliced onions until almost golden brown.', 'Add in the cinnamon, clove, cardamom and bay lead and fry an additional 4-5 minutes.', 'Add in the previously cooked beef and fry over mediumheat until the oil floats to the top. Stir continuously.', 'Add in the rice and fry an additional 5 minutes. Stir continuously.', 'Add in 5cups of water, 1 tsp of salt and the green chili and bring to boil over high heat.', 'As soon as it starts boiling, turn the heat to low. Give it a thorough stir to ensure no rice is sticking to the bottom. Cover and cook for 25 minutes.', 'Enjoy with a Bangladeshi salad.']","['Tehari is a rice dish with cooked with meat and is usually made very spicy. Unlike birianis, Tehari is usually cooked with vegetable oil. No yogurt or cream is used in the cooking of it. A very common Tehari dish is one cooked with beef.', 'I present you one of my favorite Tehari recipes.', 'Ingredients', 'Preparation']",,Main Dishes,,
28,Rui Machher Jhol â€“ 1,,"['2 lbs of Rui steaks', '4-5 medium potatoes', '2 tsp turmeric', '4-6 cloves', '2 tsp salt', '2 tsp ginger paste', '2 tsp garlic paste (or 2 cloves, finely chopped garlic)', '1 medium onion, thinly sliced', '2-3 green chillies', '3 tbsp oil for the fish', '1 tsp garam masalla', 'Enough oil to deep fry the potatoes']","['Marinate the fish steaks with 1 tsp each of turmeric and salt and set aside', 'Cut the potatoes into thin, about 1/2 to 1 inch, wedges', 'Deep fry the potatoes until golden brown and set aside', 'In a frying pan, heat the the 3 tbsp of oil over medium to medium high heat', 'Fry the fish steaks until golden and then set aside', 'In the same pan, add the onion, garlic, ginger and cloves', 'Cook for 4-5 minutes, stirring often making sure you scrape off any bits of fish stuck to the bottom of the pan', 'Add in 1-2 cups of water and bring to\xa0 boil covered (the amount of water will depend on how much jhol you want)', 'Carefully add the fried fish steaks, potato wedges and rest of the salt and cook covered until the gravy has thickened', 'Sprinkle the garam masalla and turn off the heat']",,Main Dishes,,
29,Acorn Squash Bhaji with Panch Phoron,30 minutes,"['I medium sized acorn squash', '1 tablespoon ghee', '1 teaspoon panch phoron', '1 dried red chili', '1 small bay leaf', '1 teaspoon cumin powder', '1 teaspoon garlic (or 1-2 cloves fresh chopped garlic)', '1/2 teaspoon turmeric powder']","['Peel the squash, and chop into 1 to 1/2 inch cubes (discard the seeds and innards!)', 'Heat the ghee in a pan over medium heat', 'When hot, add in the panch phoron, dried red chili and the bay leaf.', 'Stir fry until the seeds start to pop', 'Add in the squash and stir fry until every piece is coated with the ghee and spices', 'Turn of the heat to high', 'Add in the remainder of the spices and stir fry an additional 5 minutes', 'Turn the heat to medium', 'Add a 1/2 cup water and cook covered for another 15-20 minutes until the squash is tender.']",,Side dishes,10 minutes,20 minutes
30,Lauer Khosha Bhaji â€“ Fried Bottle Gourd Peel,,"['Add the peels, salt and 1/4 of the turmeric into a pot of boling water', 'Boil for 10-15 minutes', 'Drain and set aside', 'Heat the oil over high heat in a pan', 'Add the nigella and dr chilis and let splutter for a few minutes', 'Add in the boiled peels and fry for 3-4 minutes', 'Add the remaining turmeric and cook additional 10 minutes, stirring occassionally', 'Add mustard paste and salt to taste', 'Stir and cook until the peels are tender']","['Bengalis tend to not waste any food and will come up with innovative ways to make even the toughest food tender,\xa0delicious\xa0and appetizing. Here is a very simple recipe where we turn the peels of a bottlegourd into a tasty morsel.', 'Fried Bottle Gourd Peel', 'Ingredients', '1 cup peels from bottlegourd1/4 tsp nigella1 tbsp mustard paste1-2 dry red chilli peppers1/2 \xa0tsp turmeric powder/paste1 tbsp mustard pastesalt to taste', 'Steps']",,Side dishes,,
31,Shorshe Ilish â€“ Hilsa in mustard sauce,1.5 hours,"['1 Ilish (Hilsha) fish, cut into steaks', '1 tablespoon mustard (or ground mustard paste)', '6 green chilis', '1 teaspoon red chili powder', '1 teaspoon turmeric powder', '1 large onion, diced', '2 tablespoons oil, mustard oil preferred', 'Salt to taste']","['Rub some salt and turmeric on the fish steaks and set aside', 'If you use whole mustard seeds, ground them into a paste along with the green chili and a tablespoon of water', 'Heat the oil in a flat bottomed pan', 'Saute the onions until light brown', 'Add the mustard/chili paste and rest of the spices and striy fry 2-3 minutes', 'Add 1/2 cup of water, making sure you scrape any spices that are stuck to the bottom of the pan', 'Add the fish steak and cook covered over medium heat for about 10-minutes', 'Flip over the fish and cook covered another 5 minutes until excess water has evaporated', 'Check for salt and sprinkle additional salt if necessary']",4,Main Dishes,45 minutes,45 minutes
32,Kosha Mangsho â€“ Sauteed Mutton,1.25 hours,"['2 lbs of mutton (or lamb, or beef), cubed', '2 tsp turmeric powder', '1 tsp red chilli powder', '1 1/2 tsp cumin powder', '2 coriander powder', '2 medium onions, finely chopped', '3 green chillies, chopped or slit in halves', '2 slim green chillies', '1/2 inch ginger root, peeled and grated (or, 1 tsp of ginger powder)', '3 garlic cloves, finely chopped (or, 2 tsp garlic powder)', '4 medium tomatoes, diced', '2 tbsp mustard oil', '1 tbsp sugar', '1 tbsp vegetable oil', '4 medium potatoes, peeled and quartered', '1 cup hot water', '2 tsp garam masala']","['Mix the meat with the next 12 ingredients and marinade for a couple of hours', 'Heat the oil over medium heat in a large pan', 'When hot, add the meat and marinade', 'Stir fry for 15-20 minutes (this is called koshano in Bangla)', 'Add the hot water and cook covered over medium heat for about an hour. Stir occasionally to prevent the spices from sticking to the bottom of the pan', 'When the water is about to dry up, add the garam masalla', 'Cook until the oil rises to the top']",4-6,Main Dishes,30 minutes,45 minutes
33,Rui Machher Jhaal Kalia â€“ Spicy Fish Kalia,1.25 hours,"['2 lb fish, cut into 3/4 inch steaks', '1 tsp cumin seeds', '1 large bay leaf', '1 large onion, finely chopped', '3-4 garlic cloves, finely chopped', '1/2 inch ginger, finely chopped', '4 green chili, slit down the middle', '3 tbsp red chili powder', '1 tsp cumin powder', '1 tsp coriander powder', '2 tsp salt', '1/2 cup cooking oil, preferable mustard oil', '1/4 cup yogurt', '1 tsp sugar (optional)']","['Marinate the fish with 1 tsp turmeric and 1 tsp of salt and set aside', 'Heat the oil in a heavy pan over high heat', 'Fry the fish until golden brown (do note that the oil must be very hot or else the fish will stick to the pan). Set aside the fish', 'Trun down the heat to medium, and in the same pan, add the cumin seeds and bay leaf until it seeds start to splutter', 'Add the onion, garlic, and green chili and stir fry until the onions start to caramelize', 'Add the remainder of the spices along with 1/4 cup of water and fry the spices until most of the water evaporates', 'Add in the yogurt and stir fry until it starts to stick to the pan', 'Add the fish steaks turning them over so that both sides have a liberal coating of the spices', 'Add 2 cups of water and bring to boil', 'Sprinkle in the rest of the salt and the optional sugar (check for seasoning and add additional salt if ncessary)', 'Reduce heat and simmer for 15 minutes until the gravy thickens']",4-6,Main Dishes,30 minutes,45 minutes
34,Chat or Chatpati Spice Mix,,"['2 tablespoons cumin seeds', '2 tablespoons coriander seeds', '2 tablespoons rock salt', '3/4 tablespoon \xa0dried red chili', '1 tablespoon garam masalla', '1 tablespoon ginger powder', '1 tablespoon black pepper', '1 tablespoon table salt', '1 tablespoon dry mango powder (amchur)', '1/2 teaspoon citric acid powder', '1/2 teaspoon astofoeda powder']","['Dry roast the cumin and coriander seeds', 'Lightly roast the red chilis.', 'Grind all ingredients into a powder', 'Keep sealed']",,Snacks,,
35,Tomato Begun â€“ Eggplant with tomato,45 minutes,"['1 medium to large eggplant (cut to 1/2 inch cubes)', '1 large tomato, diced', '2 tbsp cooking oil', '1 tsp cumin seeds', '1/2 tsp fennel seeds', '1/2 tsp nigella (kalojira) seeds', '1 tsp garlic powder or 1-2 finely chopped garlic cloves', '1 tsp cumin powder', '1/2 â€“ 1 tsp chili powder', 'Salt to taste', 'Small bunch of cilantro, julienned']","['Heat the oil in a pan over medium to high heat', 'Add in the cumin, fennel, nigella and fennel seeds, stir fry until the seeds starts to splutter', 'Add in egg plant and tomato and stir fry8-10 minutes until the eggplant starts to soften', 'Add in the rest of spices and salt and stiry fry an additional 10 minutes or until the eggplant is completely cooked', 'Mix in the cilantro just before serving']",2-4,Side dishes,15 minutes,30 minutes
36,Luchi,1.5 hours,"['4 cups flour', '1 tbsp \xa0baking powder', '2 tbsp powdered milk', '1 tsp \xa0salt', '1-1/2 cup warm water', '1 cup shortening, enough to fill 1 inch deep in frying pan']","['In a large bowl, mix flour with baking powder, salt, and powdered milk.', 'Pour in warm water and mix to form dough.', 'Knead dough by hand until it is soft but not sticky.', 'Cover with a cloth and allow to stand for about 15 minutes', 'Shape into balls about 2 inches across, then flatten by patting and stretching the dough with hands and fingers until the dough is flat and round. \xa0A rolling pin may be used instead.', 'Melt shortening in a heavy frying pan, and heat for frying. Add dough, fry one side, then turn.', 'Fry bread until it is golden brown on both sides.']",2,Breads,1 hour,0.5 hours
37,Aloo Jeera (Potato with cumin),1 hr,"['3 tablespoons vegetable oil', '1 dry red chilli', '1 teaspoon cumin seeds', '1/2 teaspoon black mustard seeds', '4 medium potatoes, diced', '1 tablespoon yogurt', '1 teaspoon salt', '1/2 teaspoon ground red chilli', '1/2 teaspoon turmeric']","['Heat the oil in a frying pan', 'Add the whole dried chili and fry for about 2 minutes', 'Add the cumin and mustard sees until they start to sputter (about 2 minutes)', 'Add the potatoes, salt, chili powder, turmeric, yogurt,\xa0 and salt', 'Stir and cook over low heat until potatoes are done (about 15 minutes)']",2,Side dishes,30 minutes,30 minutes
38,Tandoori Chicken,1 hour,"['1/2 of the ', 'tandoori spice mix', '2 lbs chicken', '1 cup yogurt', 'juice from one lemon']","['Marinate chicken pieces in spice mixture from 4 to 24 hours', 'Arrange on baking sheet', 'Bake at 400 degrees for 20 minutes', 'Then broil for 5-10 minutes until pieces are browned']",4-6,Main Dishes,15 minutes,45 minutes
39,Begun Bhaji â€“ Fried Eggplant â€“ 1,40 minutes,"['One large egg plant sliced 1/4 inch thick', '1 tsp turmeric powder', '1 tsp cumin powder', '1/2 tsp cayenne chili powder', '1/2 tsp garlic powder', '1 tsp salt', '1/4 tsp garam masalla', '3 tbsp olive or mustard oil. The latter gives it an interesting (and tastey) pungency.', 'Additional oil to for frying', 'Mix all the spices with the oil', 'Cover both sides of the sliced egg-plant and set aside', 'Put a thin layer of oil on a frying pan over high heat', 'As soon as the oil appears to start smoking, put a single layer of eggplant into the pan (as much as can fit)', 'Turn down the heat and saute until almost cooked but not burned (5-7 minutes)', 'Flip and saute the other side.', 'You might need to add a little bit more oil and turn up the heat', 'Repeat until all the slices are cooked']","['This is one of my go-to comfort foods. Very easy to make and you can experiment with spices to your taste.', 'Ingredients', 'Steps', '\xa0']",2-4,Side dishes,10 minutes,30 minutes
40,Bhapa Chingri â€“ Steamed shrimp with mustard and green chili,,"['1 lb medium/large shrimp, cleaned and deveined', '2 tsp brown mustard seeds', '1 tbsp Water', '1/4 cup tbsp finely chopped onion', '2 green chili (thai), finely chopped (do not discard seeds)', '1/4 tsp ground turmeric', '1/2 tsp red chili powder', '3 tbsp mustard coil (can substitute Extra Virgin Olive Oil)', '1/2 cup and an additional 1/4 tsp salt']","['Rub the shrimp with the 1/4 cup of salt and set aside for 5-10 minutes.', 'Gently wash away the salt over cold water and pat dry', 'Coarsely ground the mustard seeds and transfer to a stainless steel bowl', 'Add a tablespoon of water and mix thoroughly with the onion, green chili, turmeric, salt, chili powder and oil.', 'Cover the bowl and set the seasoned shrimp aside for 10 minutes.', 'In a large pan (which can hold the stainless bowl) put enough water so that it will come 1/3 up the way of the bowl and bring to boil', 'Put the bowl in the pan and steam covered for about 10 minutes or until the shrimp is translucent.', 'Stir the shrimp once half way through']",,Main Dishes,,
41,Tandoori Spice Mix,,"['10 cloves', 'seeds from 3 cardamoms', '2 tsp salt', '2 tsp coriander seeds', '2 tsp cumin seeds', '2 tbsp dehydrated onions', '1 tsp granulated garlic powder', '1 tsp ginger powder', '1 tsp red chili powder', '1/2 tsp paprika', '1 tsp peppercorn', 'pinch of red food color']","['Grind the above mix in a spice grinder', 'Store in an air-tight container away from light']",,Spice Mixes,,
42,Naan,2 hours,"['1 1/2 pkg active dry yeast', '1 tsp sugar', '4 1/4 cups all purpose flour', '1 1/2 tsp salt', '1/2 cup yogurt', '1 lightly beaten egg', '5 tbsp melted ghee', '2 tbsp poppy or sesame seeds (optional)']","['Put yeast, sugar and 5 tbsp water in small bowl. Stir. Let stand about 5 minutes until foamy.', 'Sift flour and salt into large bowl. Make a well in center.', 'Add egg and yogurt to yeast mixture. Add 5 tbsp warm water. Stir and pour into the well in the flour. Stir from center until mixed to a smooth batter.', 'Stir in ghee.', 'Knead on board 15-20 minutes or about 2 minutes in food processor. Dough should be elastic but not sticky.', 'Put in covered bowl and allow to rise until double (about one hour).', 'Divide ball into eight pieces. Knead each lightly, flatten ball, pull into an oval forming a sort of pear shape.', 'Put on baking sheet(s), cover with damp cloth, allow to rise about 15 minutes.', 'Brush with ghee and sprinkle with seeds. (Optional)', 'Bake in pre-heated 450F degree oven for 8-10 minutes until golden brown.']",4,Breads,1 hour,1 hour
43,Fuchka,,[],"['Also known as Panipuri in Northern India and Golgappa in other parts of India, the Fuchka is a classic Bangladesh street food.', 'Ingredients', 'Steps', '\xa0']",,Snacks,,
44,Ilish Polau = Hilsa Pilaf,,"['6-8 ilish (hilsa) pieces', '1/2 tsp turmeric', '2 tsp ginger paste', '1 tbsp lemon juice', '3 tsp sea salt', '2 cups Basmati rice', '1 large bay leaf', '4 cloves', '4 cardamoms', '1 tsp kalojieera (nigella)', '3 tbsp ghee', 'Â¼ cup cooking oil', '3 dried red chillies', '3 green chillies']","['Marinade the fish with 1 tsp ginger, 1 tsp salt, and all the turmeric and lemon juice for 30 minutes', 'Meanwhile cook the rice and let cool for 30 minutes', 'In a large pan, heat the cooking oil and lightly sautÃ© the fish steaks and set aside', 'In the same oil add the chillies, cardamom, clove, bay leaf and stir fry over medium heat for 5 minutes', 'Add the previously cooked rice to the pan and stir fry until the rice coated with the spices.', 'Turn off the heat and remove the rice from the pan.', 'Coat the bottom of the pan with 1/3 of the remaining ghee and add Â½ the fish in a flat layer.', 'Layer Â½ the cooked rice over the fish, and drizzle Â½ of the remaining ghee and Â½ of the remaining salt on top of the rice.', 'Repeat with the process with the remaining fish, rice and spices.', 'Pour Â½ cup of water over the rice.', 'Cover tightly and simmer over low heat for 15 â€“ 20 minutes.']",,Main Dishes,,
45,Vegetable Pulao â€“ 1,,"['2 cups rice', '1 cup mixed vegetables, diced', '2 tbsp ghee', '1 tbsp ginger paste or powder', '1 bay leaf', '1/2 cup chopped onions', '1 tsp chopped garlic', '1/2 inch ginger grated', '4 cups water (you can use vegetable or chicken broth)', '3 tsp salt (none if using salted stock)']","['Heat ghee in a pot over medium heat', 'Saute the onions and garlic until translucent', 'Add the ginger paste/powder and bay leaf and saute for a minute or so', 'Add in the rice and saute for 3-5 minutes until all the rice is coated with teh ghee', 'Add in the water and salt (or the stock)', 'Bring to boil', 'Turn\xa0down heat\xa0to simmer', 'Cover and simmer for 23 minutes']",,Rice,,
46,Bengali Beef Cabernet,1.5 hours,"['2 tbsp cooking oil', '2 pounds beef, cubed to size 1/2 inch per side', '2 medium shallots, finely sliced (onions would do too)', '1 or 2 fresh\xa0chilies\xa0( or your choice for heat)', '2 tsps of crushed garlic (or powder)', '2 tsps of crushed ginger (or powder)', '1 tbsp of cumin powder', '1 tbsp of coriander powder', '1/2 tsp turmeric', '2 tsp of salt', '1/2 tsp of black pepper', '1 cup of a red wine', '1/2 cup milk', '1 large carrot, cut into large chunks', 'Preheat the oven to around 200 degrees\xa0Celsius', 'Heat the oil in a cooking point over medium heat', 'When hot, add in the sliced shallots and stir fry until they are almost caramelized', 'Add in the cubed beef and stir fry until the beef starts to get browned.', 'Add in the ginger and garlic and stir fry for 2-3 minutes', 'Add in the turmeric, cumin and coriander and stir fry an additional 2-3 minutes', 'Pour in the wine, making sure you use the liquid to deglaze the bottom of the pot', 'Cook, stirring, occasionally for 4-5 minutes', 'Pour in the milk and cook another 4-5 minutes', 'Stir in the salt, pepper and carrot chunks', 'Cover the pot with a lid and bake covered in the oven for 1 to 1.5 hours. Preferably keep the lid sealed with foil but do check on it every 1/2 hour to make sure the liquid has not evaporated completely. Add 1/2 cup water if it looks too dry.']","['I have started to experiment with different cooking styles and techniques. I love french food and Beef Bourguignon is one of my favorites. Wine never hurt any food so I decided to add a little left over cabernet and came up with this recipe. It turned out so well, that I have to share.', 'Ingredients', 'Steps']",4-6,Main Dishes,15 - 30 minutes,1-1.5 hours
